-- MySQL dump 10.13  Distrib 8.0.42, for Win64 (x86_64)
--
-- Host: 127.0.0.1    Database: firmmanagement
-- ------------------------------------------------------
-- Server version	9.3.0

/*!40101 SET @OLD_CHARACTER_SET_CLIENT=@@CHARACTER_SET_CLIENT */;
/*!40101 SET @OLD_CHARACTER_SET_RESULTS=@@CHARACTER_SET_RESULTS */;
/*!40101 SET @OLD_COLLATION_CONNECTION=@@COLLATION_CONNECTION */;
/*!50503 SET NAMES utf8 */;
/*!40103 SET @OLD_TIME_ZONE=@@TIME_ZONE */;
/*!40103 SET TIME_ZONE='+00:00' */;
/*!40014 SET @OLD_UNIQUE_CHECKS=@@UNIQUE_CHECKS, UNIQUE_CHECKS=0 */;
/*!40014 SET @OLD_FOREIGN_KEY_CHECKS=@@FOREIGN_KEY_CHECKS, FOREIGN_KEY_CHECKS=0 */;
/*!40101 SET @OLD_SQL_MODE=@@SQL_MODE, SQL_MODE='NO_AUTO_VALUE_ON_ZERO' */;
/*!40111 SET @OLD_SQL_NOTES=@@SQL_NOTES, SQL_NOTES=0 */;

--
-- Table structure for table `broadcast`
--

DROP TABLE IF EXISTS `broadcast`;
/*!40101 SET @saved_cs_client     = @@character_set_client */;
/*!50503 SET character_set_client = utf8mb4 */;
CREATE TABLE `broadcast` (
  `ID` int NOT NULL AUTO_INCREMENT,
  `RoomID` int DEFAULT NULL,
  `FirmID` int DEFAULT NULL,
  `timeBroadcast` time DEFAULT NULL,
  `dateBroadcast` date DEFAULT NULL,
  `price` float DEFAULT NULL,
  `seats` int DEFAULT NULL,
  `is_delete` tinyint(1) DEFAULT NULL,
  PRIMARY KEY (`ID`),
  KEY `RoomID` (`RoomID`),
  KEY `FirmID` (`FirmID`),
  CONSTRAINT `broadcast_ibfk_1` FOREIGN KEY (`RoomID`) REFERENCES `room` (`ID`),
  CONSTRAINT `broadcast_ibfk_2` FOREIGN KEY (`FirmID`) REFERENCES `firm` (`ID`)
) ENGINE=InnoDB AUTO_INCREMENT=37 DEFAULT CHARSET=utf8mb4 COLLATE=utf8mb4_0900_ai_ci;
/*!40101 SET character_set_client = @saved_cs_client */;

--
-- Dumping data for table `broadcast`
--

LOCK TABLES `broadcast` WRITE;
/*!40000 ALTER TABLE `broadcast` DISABLE KEYS */;
INSERT INTO `broadcast` VALUES (1,1,1,'11:00:00','2025-10-11',120000,20,1),(2,1,1,'10:00:00','2025-10-11',100000,15,0),(3,1,1,'10:00:00','2025-10-12',100000,15,0),(4,1,1,'10:00:00','2025-10-13',100000,15,0),(5,2,1,'10:00:00','2025-10-10',100000,15,0),(6,2,4,'06:00:00','2025-10-10',100000,20,0),(7,2,4,'00:00:00','2025-10-10',100000,20,0),(8,2,4,'23:15:00','2025-10-10',100000,20,0),(9,3,4,'10:00:00','2025-10-10',100000,15,0),(10,3,4,'10:00:00','2025-10-11',100000,15,0),(11,3,4,'10:00:00','2025-10-12',100000,15,0),(12,3,4,'10:00:00','2025-10-13',100000,15,0),(13,3,4,'10:00:00','2025-10-14',100000,15,0),(14,3,4,'10:00:00','2025-10-15',100000,15,0),(15,3,3,'10:00:00','2025-09-10',100000,15,0),(16,3,3,'10:00:00','2025-09-11',100000,20,0),(17,3,3,'13:00:00','2025-09-11',100000,20,0),(18,3,3,'15:30:00','2025-09-11',100000,20,1),(19,2,5,'11:40:00','2025-07-08',80000,23,1),(20,2,4,'12:06:00','2025-07-11',70000,26,1),(21,2,5,'00:22:00','2025-07-12',80000,24,1),(22,2,5,'15:30:00','2025-07-04',80000,26,1),(23,7,9,'23:50:00','2025-07-10',80000,31,1),(24,2,10,'21:38:00','2025-06-26',80000,34,0),(25,7,12,'18:39:00','2025-07-04',80000,33,1),(26,2,11,'00:18:00','2025-07-11',90000,35,1),(27,2,3,'20:15:00','2025-06-28',80000,26,0),(28,2,5,'18:19:00','2025-07-01',80000,24,0),(29,2,5,'15:00:00','2025-07-01',45000,30,0),(30,3,3,'14:20:00','2025-07-01',70000,24,0),(31,8,11,'16:27:00','2025-07-01',45000,24,0),(32,10,3,'15:41:00','2025-07-01',80000,28,0),(33,2,16,'13:45:00','2025-07-17',45000,30,1),(34,2,3,'14:57:00','2025-07-30',45000,2,0),(35,2,3,'17:03:00','2025-07-30',45000,8,0),(36,11,5,'03:23:00','2025-07-18',45000,60,0);
/*!40000 ALTER TABLE `broadcast` ENABLE KEYS */;
UNLOCK TABLES;

--
-- Table structure for table `firm`
--

DROP TABLE IF EXISTS `firm`;
/*!40101 SET @saved_cs_client     = @@character_set_client */;
/*!50503 SET character_set_client = utf8mb4 */;
CREATE TABLE `firm` (
  `ID` int NOT NULL AUTO_INCREMENT,
  `name` varchar(255) DEFAULT NULL,
  `description` text,
  `start_date` date DEFAULT NULL,
  `end_date` date DEFAULT NULL,
  `thumbnail_path` varchar(255) DEFAULT NULL,
  `rating_count` int DEFAULT NULL,
  `rating` float DEFAULT NULL,
  `is_delete` tinyint(1) DEFAULT NULL,
  `runtime` int DEFAULT '60',
  PRIMARY KEY (`ID`)
) ENGINE=InnoDB AUTO_INCREMENT=32 DEFAULT CHARSET=utf8mb4 COLLATE=utf8mb4_0900_ai_ci;
/*!40101 SET character_set_client = @saved_cs_client */;

--
-- Dumping data for table `firm`
--

LOCK TABLES `firm` WRITE;
/*!40000 ALTER TABLE `firm` DISABLE KEYS */;
INSERT INTO `firm` VALUES (1,'Updated Firm','This is an updated firm.','2023-01-01',NULL,'http://example.com/thumbnail.jpg',150,4.8,1,60),(2,'New second Firm','This is a new firm.','2023-01-01','2023-12-31','http://example.com/thumbnail.jpg',100,4.5,1,60),(3,'Game of Thrones','Nine noble families fight for control of the mythical land of Westeros. Political and sexual intrigue is pervasive. Robert Baratheon, King of Westeros, asks his old friend Eddard, Lord Stark, to serve as Hand of the King, or highest official. Secretly warned that the previous Hand was assassinated, Eddard accepts in order to investigate further. Meanwhile the Queen\'s family, the Lannisters, may be hatching a plot to take power. Across the sea, the last members of the previous and deposed ruling family, the Targaryens, are also scheming to regain the throne. The friction between the houses Stark, Lannister, Baratheon and Targaryen and with the remaining great houses Greyjoy, Tully, Arryn,Tyrell and Martell leads to full-scale war. All while a very ancient evil awakens in the farthest north. Amidst the war and political confusion, a neglected military order of misfits, the Night\'s Watch, is all that stands between the realms of men and icy horrors beyond.','2011-04-17',NULL,'https://static.episodate.com/images/tv-show/thumbnail/23455.jpg',774,9.3992,0,60),(4,'Arrow','Arrow is an American television series developed by writer/producers Greg Berlanti, Marc Guggenheim, and Andrew Kreisberg. It is based on the DC Comics character Green Arrow, a costumed crime-fighter created by Mort Weisinger and George Papp. It premiered in North America on The CW on October 10, 2012, with international broadcasting taking place in late 2012. Primarily filmed in Vancouver, British Columbia, Canada, the series follows billionaire playboy Oliver Queen, portrayed by Stephen Amell, who, five years after being stranded on a hostile island, returns home to fight crime and corruption as a secret vigilante whose weapon of choice is a bow and arrow. Unlike in the comic books, Queen does not go by the alias \"Green Arrow\". The series takes a realistic look at the Green Arrow character, as well as other characters from the DC Comics universe. Although Oliver Queen/Green Arrow had been featured in the television series Smallville from 2006 to 2011, the producers decided to start clean and find a new actor (Amell) to portray the character. Arrow focuses on the humanity of Oliver Queen, and how he was changed by time spent shipwrecked on an island. Most episodes have flashback scenes to the five years in which Oliver was missing.','2012-10-10',NULL,'https://static.episodate.com/images/tv-show/thumbnail/29560.jpg',653,9.1057,0,60),(5,'The Flash','Barry Allen is a Central City police forensic scientist with a reasonably happy life, despite the childhood trauma of a mysterious red and yellow being killing his mother and framing his father. All that changes when a massive particle accelerator accident leads to Barry being struck by lightning in his lab. Coming out of coma nine months later, Barry and his new friends at STAR labs find that he now has the ability to move at superhuman speed. <br>Furthermore, Barry learns that he is but one of many affected by that event, most of whom are using their powers for evil. Determined to make a difference, Barry dedicates his life to fighting such threats, as The Flash. While he gains allies he never expected, there are also secret forces determined to aid and manipulate him for their own agenda.','2014-10-07',NULL,'https://static.episodate.com/images/tv-show/thumbnail/35624.jpg',663,9.35,0,60),(6,'New Firm1','This is a new firm.','2023-01-01','2023-12-31','http://example.com/thumbnail.jpg',100,4.5,1,60),(7,'New Firm2','This is a new firm.','2023-01-01','2023-12-31','http://example.com/thumbnail.jpg',100,4.5,1,60),(8,'New Firm3','This is a new firm.','2023-01-01','2023-12-31','http://example.com/thumbnail.jpg',100,4.5,1,60),(9,'c','c','2010-10-31','2030-10-30','http://res.cloudinary.com/dfu6ly3og/image/upload/v1750867887/ioarubvgwqfogo9y9cgw.jpg',3,3,1,3),(10,'DC\'s Legends of Tomorrow','When heroes alone are not enough... the world needs legends. Having seen the future, one he will desperately try to prevent from happening, time-traveling rogue Rip Hunter is tasked with assembling a disparate group of both heroes and villains to confront an unstoppable threat - one in which not only is the planet at stake, but all of time itself. Can this ragtag team defeat an immortal threat unlike anything they have ever known?','2016-01-21',NULL,'https://res.cloudinary.com/dfu6ly3og/image/upload/v1750830067/snodcrbtdjg7hhyotekh.jpg',347,8.9798,0,60),(11,'a','a','2025-06-10',NULL,'https://res.cloudinary.com/dfu6ly3og/image/upload/v1750855972/gdve9h3aotqqt88wletm.jpg',1,1,1,2),(12,'aaa','sdsa','2025-06-19','2025-10-08','https://res.cloudinary.com/dfu6ly3og/image/upload/v1750864139/n7rj5dfvvhe4dpo4ntya.jpg',12,2,1,60),(13,'phim yasua','Hi am yasua','2025-06-17','2025-08-22','http://res.cloudinary.com/dfu6ly3og/image/upload/v1751102374/y2sgulkqytndlzeaemyz.webp',80,8.5,1,60),(14,'starwar','aaa','2025-06-10',NULL,'https://res.cloudinary.com/dfu6ly3og/image/upload/v1751102460/k3oeukundwa24cwxygrv.jpg',850,8.5,1,60),(15,'Lucifer','Introduce to lucifer','2025-06-11','2025-07-18','http://res.cloudinary.com/dfu6ly3og/image/upload/v1751351407/vrw96cod7nnth2go8wui.jpg',450,8.5,1,60),(16,'walking dead','introduce to walking dead','2025-06-10','2025-08-21','http://res.cloudinary.com/dfu6ly3og/image/upload/v1751359849/xnjqjwgj4rbj1sjnqueq.jpg',90,8.5,1,60),(17,'Supergirl','Supergirl is an upcoming American television series developed by writer/producers Greg Berlanti, Ali Adler and Andrew Kreisberg set to air on CBS. It is based on the DC Comics character Supergirl (Kara Zor-El), created by Otto Binder and Al Plastino. Supergirl is a costumed superhero who is the biological cousin to Superman and one of the last surviving Kryptonians. The series was officially picked up on May 6, 2015 after receiving a series commitment in September 2014, and will debut in November 2015.<br><br>Twenty-four-year-old Kara Zor-El, who was taken in by the Danvers family when she was 12 after being sent away from Krypton, must learn to embrace her powers after previously hiding them. The Danvers teach her to be careful with her powers, until she has to reveal them during an unexpected disaster, setting her on her journey of heroism.\r\n<br><br>\r\nThe costume for Supergirl was created by Colleen Atwood, who also designed the costumes for Arrow and The Flash. Benoist stated that she is aware of the costume worn by Kara in the comics books, and expressed that the \"micro-mini hemline\" of the skirt could be \"a little daunting but that\'s good. I like being pushed.\"Promotional photos of Benoist wearing Atwood\'s design were released on March 6, 2015. Atwood indicated that she wanted to \"embrace the past  but more importantly, thrust her into the street-style action hero of today.\"','2015-10-26',NULL,'https://static.episodate.com/images/tv-show/thumbnail/43234.jpg',587,8.9472,0,60),(18,'The Walking Dead','Rick Grimes is a former Sheriff\'s deputy who has been in a coma for several months after being shot while on duty. When he wakes, he discovers that the world has been taken over by zombies, and that he seems to be the only person still alive. After returning home to discover his wife and son missing, he heads for Atlanta to search for his family. Narrowly escaping death at the hands of the zombies on arrival in Atlanta, he is aided by another survivor,Glenn,who takes Rick to a camp outside the town. There,Rick finds his wife Lori and his son,Carl, along with his partner/best friend Shane and a small group of survivors who struggle to fend off the zombie hordes; as well as competing with other survivor groups who are prepared to do whatever it takes to survive.<br><br>The Walking Dead is an American horror drama television series developed by Frank Darabont. It is based on the comic book series of the same name by Robert Kirkman, Tony Moore, and Charlie Adlard. Andrew Lincoln stars as sheriff\'s deputy Rick Grimes, who awakens from a coma to find an apocalyptic world dominated by flesh-eating zombies, called \"walkers\". He sets out to find his family and encounters many other survivors along the way.','2010-10-31',NULL,'https://static.episodate.com/images/tv-show/thumbnail/24010.jpg',372,9.043,0,60),(19,'Stranger Things','When a young boy vanishes, a small town uncovers a mystery involving secret experiments, terrifying supernatural forces and one strange little girl.','2016-07-15',NULL,'https://static.episodate.com/images/tv-show/thumbnail/46778.jpg',312,9.3782,0,60),(20,'Dragon Ball Super','<b>Dragon Ball Super</b>, a brand new television anime inspired by Akira Toriyama\'s Dragon Ball manga, will premiere on Fuji TV and other channels in July on Sundays at 9:00 a.m. This will be the first new Dragon Ball television series since Dragon Ball GT, which aired from 1996 to 1997.The story of the anime is set a few years after the defeat of Majin Buu, when the Earth has become peaceful once again. The voice of Goku, Gohan, and Goten, Masako Nozawa commented on the new anime, saying, \"We\'ve always used the word \'chō\' (Super) with Dragon Ball in commercials, games and the like, but the fact that the series titled Dragon Ball Super is beginning is the best thing ever.\"','2015-07-05',NULL,'https://static.episodate.com/images/tv-show/thumbnail/47145.',878,9.5376,0,60),(21,'Boku no Hero Academia','People are not born equal, a realization that 4-year-old Midoriya Izuku faced when bullied by his classmates who had unique special powers. Izuku was one of the rare cases where he was born with absolutely no unique powers. This did not stop Izuku from pursuing his dream, a dream of becoming a great hero like the legendary All-Might. To become the great hero he hopelessly wants to become, he now will join the ranks of one of the highest rated \"Hero Academies\" in the country: Yueiko. With the help of his idol All-Might, will he be able to claim the ranks and become a true hero?','2016-04-03',NULL,'https://static.episodate.com/images/tv-show/thumbnail/52439.jpg',769,9.7269,0,60),(22,'The 100','The series is set 97 years after a devastating nuclear war wiped out almost all life on Earth. The only known survivors are the residents of twelve space stations in Earth\'s orbit prior to the war. The space stations banded together to form a single massive station named \"The Ark\", where about 2,400 people live under the leadership of Chancellor Jaha. Resources are scarce and all crimes, no matter their nature or severity, are punishable by ejection into space (\"floating\") unless the perpetrator is under 18 years of age. After the Ark\'s life-support systems are found to be critically failing, 100 juvenile prisoners are declared \"expendable\" and sent to the surface—nearby former Washington, D.C.—in a last ditch attempt to determine if Earth is habitable again in a program called \"The 100\", for which the show is named. The teens arrive on a seemingly pristine planet they have only seen from space. They are meant to find refuge and supplies at the old military installation, Mount Weather Emergency Operations Center, located at the Blue Ridge Mountains. However, they have landed a fair distance from it and soon face other problems. Confronting both the wonders and the dangers of this rugged new world, they struggle to form a tentative community. However, they discover not all humanity was wiped out; some people on Earth, called Grounders, survived the war, and there are even more dangers lurking – Reapers (Grounders who have become cannibals) and Mountain Men (who live in Mount Weather, the original destination of the 100).','2014-03-19',NULL,'https://static.episodate.com/images/tv-show/thumbnail/33514.jpg',345,9.0435,0,60),(23,'Sherlock','Sherlock depicts \"consulting detective\" Sherlock Holmes (Benedict Cumberbatch) solving various mysteries in London. Holmes is assisted by his flatmate and friend, Dr. John Watson (Martin Freeman), who has returned from military service in Afghanistan with the Royal Army Medical Corps. Although Metropolitan Police Service Detective Inspector Greg Lestrade (Rupert Graves) and others are at first skeptical of Holmes, over time his remarkable intellect and powers of observation persuade them of his value. In part through Watson\'s blog documenting their adventures, Holmes becomes a reluctant celebrity with the press reporting on his cases and eccentric personal life. Both ordinary people and the British government ask for his help.\r\n<br><br>\r\nAlthough the series depicts a variety of crimes and perpetrators, Holmes\' conflict with archnemesis Jim Moriarty (Andrew Scott) is a recurring feature. Molly Hooper (Louise Brealey), a pathologist at St. Bart\'s Hospital occasionally assists Holmes in his cases. Other recurring roles include Una Stubbs as Mrs Hudson, Holmes and Watson\'s landlady, and series co-creator Mark Gatiss as Holmes\' elder brother Mycroft.','2010-07-25',NULL,'https://static.episodate.com/images/tv-show/thumbnail/22410.jpg',245,9.4327,0,60),(24,'Supernatural','Supernatural is an American fantasy horror television series created by Eric Kripke. It was first broadcast on September 13, 2005, on The WB and subsequently became part of successor The CW\'s lineup. Starring Jared Padalecki as Sam Winchester and Jensen Ackles as Dean Winchester, the series follows the two brothers as they hunt demons, ghosts, monsters, and other supernatural beings in the world. The series is produced by Warner Bros. Television, in association with Wonderland Sound and Vision. Along with Kripke, executive producers have been McG, Robert Singer, Phil Sgriccia, Sera Gamble, Jeremy Carver, John Shiban, Ben Edlund and Adam Glass. Former executive producer and director Kim Manners died of lung cancer during production of the fourth season.<br>The series is filmed in Vancouver, British Columbia and surrounding areas and was in development for nearly ten years, as creator Kripke spent several years unsuccessfully pitching it. The pilot was viewed by an estimated 5.69 million viewers, and the ratings of the first four episodes prompted The WB to pick up the series for a full season. Originally, Kripke planned the series for three seasons but later expanded it to five. The fifth season concluded the series\' main storyline, and Kripke departed the series as showrunner. The series has continued on for several more seasons with Sera Gamble and Jeremy Carver assuming the role of showrunner.','2005-09-13',NULL,'https://static.episodate.com/images/tv-show/thumbnail/5348.jpg',437,9.6682,0,60),(25,'The Big Bang Theory','Leonard and Sheldon are brilliant physicists - geniuses in the laboratory, but socially challenged everywhere else. Enter beautiful, street-smart neighbor, Penny, who aims to teach them a thing or two about life. Despite their on-again, off-again relationship in the past, Leonard believes he\'s found true love with Penny. Even Sheldon has found a female companion, entering into a \"Relationship Agreement\" with neurobiologist Amy Farrah Fowler. In their free time, Leonard and Sheldon continue to enjoy frequent trips to the comic book store and fantasy role-playing games with their ever-expanding universe of friends, including fellow scientists Koothrappali, Wolowitz and Wolowitz\'s adorable microbiologist wife, Bernadette.','2007-09-24',NULL,'https://static.episodate.com/images/tv-show/thumbnail/8362.jpg',222,9.2568,0,60),(26,'Marvel\'s Daredevil','Marvel\'s Daredevil, or simply Daredevil, is an American web television series created for Netflix by Drew Goddard, based on the Marvel Comics character of the same name. It is set in the Marvel Cinematic Universe (MCU), sharing continuity with the films of the franchise, and is the first in a series of shows that will lead up to a Defenders crossover miniseries. The series is produced by Marvel Television in association with ABC Studios, DeKnight Prods. and Goddard Textiles, with Steven S. DeKnight serving as showrunner on the first season, and Goddard acting as consultant. Doug Petrie and Marco Ramirez will take over as showrunners for the show\'s second season.\r\n<br><br>\r\nCharlie Cox stars as Matt Murdock / Daredevil, a lawyer-by-day who fights crime at night. The series chronicles the character\'s early days fighting crime, juxtaposed with the rise of crime lord Wilson Fisk, played by Vincent D\'Onofrio. Daredevil entered development in late 2013, a year after the film rights to the character reverted to Marvel, with Goddard initially hired in December 2013. DeKnight replaced him as showrunner and Cox was hired to star in May 2014, with Deborah Ann Woll, Elden Henson, Toby Leonard Moore, Vondie Curtis-Hall, Bob Gunton, Ayelet Zurer, and Rosario Dawson also starring. Filming takes place in New York City, in areas that still look like the old Hell’s Kitchen.','2015-04-10',NULL,'https://static.episodate.com/images/tv-show/thumbnail/37444.jpg',183,9.1749,0,60),(27,'Marvel\'s Agents of S.H.I.E.L.D.','Phil Coulson heads an elite team of fellow agents with the worldwide law-enforcement organization known as S.H.I.E.L.D. (Strategic Homeland Intervention Enforcement and Logistics Division), as they investigate strange occurrences around the globe. Its members -- each of whom brings a specialty to the group -- work with Coulson to protect those who cannot protect themselves from extraordinary and inconceivable threats.','2013-09-24',NULL,'https://static.episodate.com/images/tv-show/thumbnail/31452.jpg',228,9.1842,0,60),(28,'Vikings','With the promise of new land from the English, Ragnar leads his people to an uncertain fate on the shores of Wessex. King Ecbert has made many promises and it remains to be seen if he will keep them. But ever the restless wanderer, Ragnar is searching for something more and he finds it in the mythical city of Paris. Rumored to be impenetrable to outside forces, Ragnar and his band of Norsemen must come together to break down its walls and cement the Vikings legend in history.\r\n\r\nThe gripping family saga of Ragnar, Rollo, Lagertha and Bjorn continues as alliances and loyal friendships are questioned, faith is catechized and relationships are strained. VIKINGS tells the extraordinary tales of the lives and epic adventures of these warriors and portrays life in the Dark Ages, a world ruled by raiders and explorers, through the eyes of Viking society.','2013-03-03',NULL,'https://static.episodate.com/images/tv-show/thumbnail/29977.jpg',226,9.2345,0,60),(29,'Gotham','Gotham is an American crime-drama television series developed by Bruno Heller, based on characters appearing in and published by DC Comics in their Batman franchise, primarily those of James Gordon and Bruce Wayne. The series stars Ben McKenzie as the young Gordon, while Heller executive produces along with Danny Cannon, who also directed the pilot. As originally conceived, the series would have served as a straightforward story of Gordon\'s early days on the Gotham City police force. The idea evolved not only to include the Wayne character, but also to tell the origin stories of several Batman villains. The first season order originally consisted of 16 episodes, but was later extended to 22. Gotham premiered on Fox on September 22, 2014.','2014-09-22',NULL,'https://static.episodate.com/images/tv-show/thumbnail/29671.png',224,9.067,0,60),(30,'Rick and Morty','Rick is a mentally gifted, but sociopathic and alcoholic scientist and a grandfather to Morty; an awkward, impressionable, and somewhat spineless teenage boy. Rick moves into the family home of Morty, where he immediately becomes a bad influence.','2013-12-02',NULL,'https://static.episodate.com/images/tv-show/thumbnail/32157.jpg',236,9.6356,0,60),(31,'Westworld','<b>Westworld</b> is a dark odyssey about the dawn of artificial consciousness and the evolution of sin. Set at the intersection of the near future and the reimagined past, it explores a world in which every human appetite, no matter how noble or depraved, can be indulged.','2016-10-02',NULL,'https://static.episodate.com/images/tv-show/thumbnail/36210.jpg',155,8.9355,0,60);
/*!40000 ALTER TABLE `firm` ENABLE KEYS */;
UNLOCK TABLES;

--
-- Table structure for table `image_firm`
--

DROP TABLE IF EXISTS `image_firm`;
/*!40101 SET @saved_cs_client     = @@character_set_client */;
/*!50503 SET character_set_client = utf8mb4 */;
CREATE TABLE `image_firm` (
  `ID` int NOT NULL AUTO_INCREMENT,
  `FirmID` int DEFAULT NULL,
  `image_url` varchar(255) DEFAULT NULL,
  PRIMARY KEY (`ID`),
  KEY `FirmID` (`FirmID`),
  CONSTRAINT `image_firm_ibfk_1` FOREIGN KEY (`FirmID`) REFERENCES `firm` (`ID`)
) ENGINE=InnoDB AUTO_INCREMENT=181 DEFAULT CHARSET=utf8mb4 COLLATE=utf8mb4_0900_ai_ci;
/*!40101 SET character_set_client = @saved_cs_client */;

--
-- Dumping data for table `image_firm`
--

LOCK TABLES `image_firm` WRITE;
/*!40000 ALTER TABLE `image_firm` DISABLE KEYS */;
INSERT INTO `image_firm` VALUES (1,1,'http://example.com/image1.jpg'),(2,1,'http://example.com/image2.jpg'),(3,2,'http://example.com/image1.jpg'),(4,2,'http://example.com/image2.jpg'),(7,3,'https://static.episodate.com/images/episode/23455-225.png'),(8,3,'https://static.episodate.com/images/episode/23455-861.png'),(9,3,'https://static.episodate.com/images/episode/23455-218.png'),(10,3,'https://static.episodate.com/images/episode/23455-432.png'),(11,3,'https://static.episodate.com/images/episode/23455-577.png'),(12,3,'https://static.episodate.com/images/episode/23455-491.png'),(13,3,'https://static.episodate.com/images/episode/23455-167.png'),(14,4,'https://static.episodate.com/images/episode/29560-242.jpg'),(15,4,'https://static.episodate.com/images/episode/29560-804.jpg'),(16,4,'https://static.episodate.com/images/episode/29560-664.jpg'),(17,4,'https://static.episodate.com/images/episode/29560-120.jpg'),(18,4,'https://static.episodate.com/images/episode/29560-764.jpg'),(19,4,'https://static.episodate.com/images/episode/29560-792.jpg'),(20,4,'https://static.episodate.com/images/episode/29560-159.jpg'),(21,5,'https://static.episodate.com/images/episode/35624-559.jpg'),(22,5,'https://static.episodate.com/images/episode/35624-973.jpg'),(23,5,'https://static.episodate.com/images/episode/35624-201.jpg'),(24,5,'https://static.episodate.com/images/episode/35624-783.jpg'),(25,5,'https://static.episodate.com/images/episode/35624-130.jpg'),(26,5,'https://static.episodate.com/images/episode/35624-551.jpg'),(27,5,'https://static.episodate.com/images/episode/35624-620.jpg'),(28,6,'http://example.com/image1.jpg'),(29,6,'http://example.com/image2.jpg'),(30,7,'http://example.com/image1.jpg'),(31,7,'http://example.com/image2.jpg'),(32,8,'http://example.com/image1.jpg'),(33,8,'http://example.com/image2.jpg'),(34,9,'https://res.cloudinary.com/dfu6ly3og/image/upload/v1750828159/lqtunb5czsejbverv8n8.jpg'),(35,9,'https://res.cloudinary.com/dfu6ly3og/image/upload/v1750828159/feh206rs7mgpzcivw2pt.jpg'),(36,9,'https://res.cloudinary.com/dfu6ly3og/image/upload/v1750828159/farprr1d8cyi7gk8gwrg.jpg'),(37,9,'https://res.cloudinary.com/dfu6ly3og/image/upload/v1750828159/dhlwdhn2tjudsrdxv2ks.jpg'),(38,9,'https://res.cloudinary.com/dfu6ly3og/image/upload/v1750828159/psdlsdrqnj2kvw3clhhm.jpg'),(39,9,'https://res.cloudinary.com/dfu6ly3og/image/upload/v1750828159/iennobxbwb7bbxxrjvkc.jpg'),(40,9,'https://res.cloudinary.com/dfu6ly3og/image/upload/v1750828159/zpwhiuhriprzdh4r0wee.jpg'),(41,9,'https://res.cloudinary.com/dfu6ly3og/image/upload/v1750828164/okf3rld4nzuqs9rvc9ew.jpg'),(42,9,'https://res.cloudinary.com/dfu6ly3og/image/upload/v1750828164/kzqq86ww9ic9gmpre179.jpg'),(43,9,'https://res.cloudinary.com/dfu6ly3og/image/upload/v1750828164/hlavc5jttg6fff7yidhb.jpg'),(44,9,'https://res.cloudinary.com/dfu6ly3og/image/upload/v1750828164/jnbhfycqgx3sqmwi4ash.jpg'),(45,9,'https://res.cloudinary.com/dfu6ly3og/image/upload/v1750828164/t236bprdnz4g6jpytelz.jpg'),(46,9,'https://res.cloudinary.com/dfu6ly3og/image/upload/v1750828164/b5vz7nvb91wrvijerdr3.jpg'),(47,9,'https://res.cloudinary.com/dfu6ly3og/image/upload/v1750828165/b4oezmzf3qjgpjgjqiuk.jpg'),(48,10,'https://res.cloudinary.com/dfu6ly3og/image/upload/v1750830066/eyce3hm0cswfzlcwlgsn.jpg'),(49,10,'https://res.cloudinary.com/dfu6ly3og/image/upload/v1750830066/kgb8ivnnktepsqsxyy7j.jpg'),(50,10,'https://res.cloudinary.com/dfu6ly3og/image/upload/v1750830066/grxmkqojvguj9qeknwr0.jpg'),(51,10,'https://res.cloudinary.com/dfu6ly3og/image/upload/v1750830066/a94aphrjg7jbhzpfpcii.jpg'),(52,10,'https://res.cloudinary.com/dfu6ly3og/image/upload/v1750830066/lyy2x3cgi37xtuadhbxg.jpg'),(53,10,'https://res.cloudinary.com/dfu6ly3og/image/upload/v1750830066/x2l4aeskxxk145en4wmd.jpg'),(54,10,'https://res.cloudinary.com/dfu6ly3og/image/upload/v1750830066/hes1lpicunvxjdnnh17a.jpg'),(55,11,'https://res.cloudinary.com/dfu6ly3og/image/upload/v1750855971/gqulhbry3vyenjaytijy.jpg'),(56,11,'https://res.cloudinary.com/dfu6ly3og/image/upload/v1750855971/uzr2u7tbsawg7oxfyvgq.jpg'),(57,11,'https://res.cloudinary.com/dfu6ly3og/image/upload/v1750855971/h2bdharj6xfvibhrilwp.jpg'),(58,11,'https://res.cloudinary.com/dfu6ly3og/image/upload/v1750855971/qmsxelh6esnqcownn1bp.jpg'),(59,11,'https://res.cloudinary.com/dfu6ly3og/image/upload/v1750855971/qs2y42npzy8z4wizqanv.jpg'),(60,11,'https://res.cloudinary.com/dfu6ly3og/image/upload/v1750855972/tccqk5elpjghionslkx3.jpg'),(61,12,'https://res.cloudinary.com/dfu6ly3og/image/upload/v1750864139/z3vpb1l6bbtmeoezgrvr.jpg'),(62,12,'https://res.cloudinary.com/dfu6ly3og/image/upload/v1750864139/p96mvnnfymibnv0joqie.jpg'),(63,13,'https://res.cloudinary.com/dfu6ly3og/image/upload/v1750962600/tgca4fgeihheoy8yniv2.jpg'),(64,13,'https://res.cloudinary.com/dfu6ly3og/image/upload/v1750962600/vpqypeiry93mkss6hwhh.jpg'),(65,13,'https://res.cloudinary.com/dfu6ly3og/image/upload/v1750962600/bkvgt4nksnomhssvhx9s.webp'),(66,14,'https://res.cloudinary.com/dfu6ly3og/image/upload/v1751102459/ix8vhzilaont9vg0javr.jpg'),(67,14,'https://res.cloudinary.com/dfu6ly3og/image/upload/v1751102459/ezemrziuprtdm0y05qvm.jpg'),(68,14,'https://res.cloudinary.com/dfu6ly3og/image/upload/v1751102459/lf8ixljiujalq1snxkdu.jpg'),(69,14,'https://res.cloudinary.com/dfu6ly3og/image/upload/v1751102459/lesbrlomrtj6thsmz6tm.jpg'),(70,14,'https://res.cloudinary.com/dfu6ly3og/image/upload/v1751102459/jetxxuei9xoe6vxb920c.jpg'),(71,15,'https://res.cloudinary.com/dfu6ly3og/image/upload/v1751351384/enlryktzccvi8aufz4de.jpg'),(72,16,'https://res.cloudinary.com/dfu6ly3og/image/upload/v1751352281/rvy9y5fxoqoocztbjqcw.jpg'),(73,16,'https://res.cloudinary.com/dfu6ly3og/image/upload/v1751352281/ijhwwiwdzeoihza1izfb.jpg'),(74,16,'https://res.cloudinary.com/dfu6ly3og/image/upload/v1751352283/sebykaqvh8dtcfoxsqck.jpg'),(75,16,'https://res.cloudinary.com/dfu6ly3og/image/upload/v1751352284/kzgv1n6ikz1qtwvjeyh9.jpg'),(76,17,'https://static.episodate.com/images/episode/43234-870.jpg'),(77,17,'https://static.episodate.com/images/episode/43234-154.jpg'),(78,17,'https://static.episodate.com/images/episode/43234-886.jpg'),(79,17,'https://static.episodate.com/images/episode/43234-752.jpg'),(80,17,'https://static.episodate.com/images/episode/43234-606.jpg'),(81,17,'https://static.episodate.com/images/episode/43234-934.jpg'),(82,17,'https://static.episodate.com/images/episode/43234-825.jpg'),(83,18,'https://static.episodate.com/images/episode/24010-296.jpg'),(84,18,'https://static.episodate.com/images/episode/24010-309.jpg'),(85,18,'https://static.episodate.com/images/episode/24010-475.jpg'),(86,18,'https://static.episodate.com/images/episode/24010-463.jpg'),(87,18,'https://static.episodate.com/images/episode/24010-590.jpg'),(88,18,'https://static.episodate.com/images/episode/24010-780.jpg'),(89,18,'https://static.episodate.com/images/episode/24010-163.jpg'),(90,19,'https://static.episodate.com/images/episode/46778-135.jpg'),(91,19,'https://static.episodate.com/images/episode/46778-432.jpg'),(92,19,'https://static.episodate.com/images/episode/46778-765.jpg'),(93,19,'https://static.episodate.com/images/episode/46778-132.jpg'),(94,19,'https://static.episodate.com/images/episode/46778-533.jpg'),(95,19,'https://static.episodate.com/images/episode/46778-428.jpg'),(96,19,'https://static.episodate.com/images/episode/46778-836.jpg'),(97,20,'https://static.episodate.com/images/episode/47145-188.jpg'),(98,20,'https://static.episodate.com/images/episode/47145-572.jpg'),(99,20,'https://static.episodate.com/images/episode/47145-530.jpg'),(100,20,'https://static.episodate.com/images/episode/47145-378.jpg'),(101,20,'https://static.episodate.com/images/episode/47145-447.jpg'),(102,20,'https://static.episodate.com/images/episode/47145-141.jpg'),(103,20,'https://static.episodate.com/images/episode/47145-969.jpg'),(104,21,'https://static.episodate.com/images/episode/52439-657.jpg'),(105,21,'https://static.episodate.com/images/episode/52439-906.jpg'),(106,21,'https://static.episodate.com/images/episode/52439-824.jpg'),(107,21,'https://static.episodate.com/images/episode/52439-630.jpg'),(108,21,'https://static.episodate.com/images/episode/52439-673.jpg'),(109,21,'https://static.episodate.com/images/episode/52439-148.jpg'),(110,21,'https://static.episodate.com/images/episode/52439-194.jpg'),(111,22,'https://static.episodate.com/images/episode/33514-576.jpg'),(112,22,'https://static.episodate.com/images/episode/33514-465.jpg'),(113,22,'https://static.episodate.com/images/episode/33514-443.jpg'),(114,22,'https://static.episodate.com/images/episode/33514-116.jpg'),(115,22,'https://static.episodate.com/images/episode/33514-679.jpg'),(116,22,'https://static.episodate.com/images/episode/33514-383.jpg'),(117,22,'https://static.episodate.com/images/episode/33514-664.jpg'),(118,23,'https://static.episodate.com/images/episode/22410-646.jpg'),(119,23,'https://static.episodate.com/images/episode/22410-702.jpg'),(120,23,'https://static.episodate.com/images/episode/22410-719.jpg'),(121,23,'https://static.episodate.com/images/episode/22410-802.jpg'),(122,23,'https://static.episodate.com/images/episode/22410-868.jpg'),(123,23,'https://static.episodate.com/images/episode/22410-372.jpg'),(124,23,'https://static.episodate.com/images/episode/22410-536.jpg'),(125,24,'https://static.episodate.com/images/episode/5348-802.jpg'),(126,24,'https://static.episodate.com/images/episode/5348-697.jpg'),(127,24,'https://static.episodate.com/images/episode/5348-405.jpg'),(128,24,'https://static.episodate.com/images/episode/5348-977.jpg'),(129,24,'https://static.episodate.com/images/episode/5348-607.jpg'),(130,24,'https://static.episodate.com/images/episode/5348-499.jpg'),(131,24,'https://static.episodate.com/images/episode/5348-172.jpg'),(132,25,'https://static.episodate.com/images/episode/8362-223.jpg'),(133,25,'https://static.episodate.com/images/episode/8362-391.jpg'),(134,25,'https://static.episodate.com/images/episode/8362-212.jpg'),(135,25,'https://static.episodate.com/images/episode/8362-837.jpg'),(136,25,'https://static.episodate.com/images/episode/8362-950.jpg'),(137,25,'https://static.episodate.com/images/episode/8362-860.jpg'),(138,25,'https://static.episodate.com/images/episode/8362-670.jpg'),(139,26,'https://static.episodate.com/images/episode/37444-853.jpg'),(140,26,'https://static.episodate.com/images/episode/37444-862.jpg'),(141,26,'https://static.episodate.com/images/episode/37444-168.jpg'),(142,26,'https://static.episodate.com/images/episode/37444-370.jpg'),(143,26,'https://static.episodate.com/images/episode/37444-125.jpg'),(144,26,'https://static.episodate.com/images/episode/37444-233.jpg'),(145,26,'https://static.episodate.com/images/episode/37444-955.jpg'),(146,27,'https://static.episodate.com/images/episode/31452-558.jpg'),(147,27,'https://static.episodate.com/images/episode/31452-409.jpg'),(148,27,'https://static.episodate.com/images/episode/31452-826.jpg'),(149,27,'https://static.episodate.com/images/episode/31452-587.jpg'),(150,27,'https://static.episodate.com/images/episode/31452-557.jpg'),(151,27,'https://static.episodate.com/images/episode/31452-287.jpg'),(152,27,'https://static.episodate.com/images/episode/31452-949.jpg'),(153,28,'https://static.episodate.com/images/episode/29977-558.jpg'),(154,28,'https://static.episodate.com/images/episode/29977-556.jpg'),(155,28,'https://static.episodate.com/images/episode/29977-572.jpg'),(156,28,'https://static.episodate.com/images/episode/29977-175.jpg'),(157,28,'https://static.episodate.com/images/episode/29977-719.jpg'),(158,28,'https://static.episodate.com/images/episode/29977-873.jpg'),(159,28,'https://static.episodate.com/images/episode/29977-280.jpg'),(160,29,'https://static.episodate.com/images/episode/29671-612.jpg'),(161,29,'https://static.episodate.com/images/episode/29671-505.jpg'),(162,29,'https://static.episodate.com/images/episode/29671-431.jpg'),(163,29,'https://static.episodate.com/images/episode/29671-176.jpg'),(164,29,'https://static.episodate.com/images/episode/29671-899.jpg'),(165,29,'https://static.episodate.com/images/episode/29671-713.jpg'),(166,29,'https://static.episodate.com/images/episode/29671-652.jpg'),(167,30,'https://static.episodate.com/images/episode/32157-363.jpg'),(168,30,'https://static.episodate.com/images/episode/32157-225.jpg'),(169,30,'https://static.episodate.com/images/episode/32157-359.jpg'),(170,30,'https://static.episodate.com/images/episode/32157-818.jpg'),(171,30,'https://static.episodate.com/images/episode/32157-829.jpg'),(172,30,'https://static.episodate.com/images/episode/32157-878.jpg'),(173,30,'https://static.episodate.com/images/episode/32157-643.jpg'),(174,31,'https://static.episodate.com/images/episode/36210-639.jpg'),(175,31,'https://static.episodate.com/images/episode/36210-149.jpg'),(176,31,'https://static.episodate.com/images/episode/36210-411.jpg'),(177,31,'https://static.episodate.com/images/episode/36210-583.jpg'),(178,31,'https://static.episodate.com/images/episode/36210-320.jpg'),(179,31,'https://static.episodate.com/images/episode/36210-807.jpg'),(180,31,'https://static.episodate.com/images/episode/36210-254.jpg');
/*!40000 ALTER TABLE `image_firm` ENABLE KEYS */;
UNLOCK TABLES;

--
-- Table structure for table `room`
--

DROP TABLE IF EXISTS `room`;
/*!40101 SET @saved_cs_client     = @@character_set_client */;
/*!50503 SET character_set_client = utf8mb4 */;
CREATE TABLE `room` (
  `ID` int NOT NULL AUTO_INCREMENT,
  `name` varchar(100) DEFAULT NULL,
  `seats` int DEFAULT NULL,
  `is_delete` tinyint(1) DEFAULT NULL,
  PRIMARY KEY (`ID`)
) ENGINE=InnoDB AUTO_INCREMENT=12 DEFAULT CHARSET=utf8mb4 COLLATE=utf8mb4_0900_ai_ci;
/*!40101 SET character_set_client = @saved_cs_client */;

--
-- Dumping data for table `room`
--

LOCK TABLES `room` WRITE;
/*!40000 ALTER TABLE `room` DISABLE KEYS */;
INSERT INTO `room` VALUES (1,'Room 55',25,1),(2,'Room 8',35,0),(3,'Room 1',26,0),(4,'Room 22',30,1),(5,'yasua',40,1),(6,'leesin',25,1),(7,'huypro',35,0),(8,'room 12',45,0),(9,'room 6',30,0),(10,'room 7',38,0),(11,'room 13',70,0);
/*!40000 ALTER TABLE `room` ENABLE KEYS */;
UNLOCK TABLES;

--
-- Table structure for table `seat`
--

DROP TABLE IF EXISTS `seat`;
/*!40101 SET @saved_cs_client     = @@character_set_client */;
/*!50503 SET character_set_client = utf8mb4 */;
CREATE TABLE `seat` (
  `ID` int NOT NULL AUTO_INCREMENT,
  `BroadcastID` int DEFAULT NULL,
  `name` varchar(50) DEFAULT NULL,
  `is_delete` tinyint(1) DEFAULT NULL,
  `roomID` int DEFAULT NULL,
  `is_bought` tinyint(1) DEFAULT '0',
  PRIMARY KEY (`ID`),
  KEY `BroadcastID` (`BroadcastID`),
  KEY `roomID` (`roomID`),
  CONSTRAINT `seat_ibfk_1` FOREIGN KEY (`BroadcastID`) REFERENCES `broadcast` (`ID`),
  CONSTRAINT `seat_ibfk_2` FOREIGN KEY (`roomID`) REFERENCES `room` (`ID`)
) ENGINE=InnoDB AUTO_INCREMENT=744 DEFAULT CHARSET=utf8mb4 COLLATE=utf8mb4_0900_ai_ci;
/*!40101 SET character_set_client = @saved_cs_client */;

--
-- Dumping data for table `seat`
--

LOCK TABLES `seat` WRITE;
/*!40000 ALTER TABLE `seat` DISABLE KEYS */;
INSERT INTO `seat` VALUES (1,4,'seat_1',0,1,1),(2,4,'seat_2',0,1,1),(3,4,'seat_3',0,1,0),(4,4,'seat_4',0,1,0),(5,4,'seat_5',0,1,1),(6,4,'seat_6',0,1,0),(7,4,'seat_7',0,1,0),(8,4,'seat_8',0,1,0),(9,4,'seat_9',0,1,0),(10,4,'seat_10',0,1,0),(11,4,'seat_11',0,1,0),(12,4,'seat_12',0,1,0),(13,4,'seat_13',0,1,0),(14,4,'seat_14',0,1,0),(15,4,'seat_15',0,1,0),(16,5,'seat_1',0,2,0),(17,5,'seat_2',0,2,0),(18,5,'seat_3',0,2,0),(19,5,'seat_4',0,2,0),(20,5,'seat_5',0,2,1),(21,5,'seat_6',0,2,0),(22,5,'seat_7',0,2,0),(23,5,'seat_8',0,2,0),(24,5,'seat_9',0,2,0),(25,5,'seat_10',0,2,0),(26,5,'seat_11',0,2,0),(27,5,'seat_12',0,2,0),(28,5,'seat_13',0,2,0),(29,5,'seat_14',0,2,0),(30,5,'seat_15',0,2,0),(31,6,'seat_1',0,2,0),(32,6,'seat_2',0,2,0),(33,6,'seat_3',0,2,0),(34,6,'seat_4',0,2,0),(35,6,'seat_5',0,2,1),(36,6,'seat_6',0,2,1),(37,6,'seat_7',0,2,0),(38,6,'seat_8',0,2,1),(39,6,'seat_9',0,2,0),(40,6,'seat_10',0,2,0),(41,6,'seat_11',0,2,1),(42,6,'seat_12',0,2,1),(43,6,'seat_13',0,2,1),(44,6,'seat_14',0,2,1),(45,6,'seat_15',0,2,1),(46,6,'seat_16',0,2,0),(47,6,'seat_17',0,2,0),(48,6,'seat_18',0,2,0),(49,6,'seat_19',0,2,0),(50,6,'seat_20',0,2,1),(51,7,'seat_1',0,2,1),(52,7,'seat_2',0,2,1),(53,7,'seat_3',0,2,0),(54,7,'seat_4',0,2,0),(55,7,'seat_5',0,2,0),(56,7,'seat_6',0,2,0),(57,7,'seat_7',0,2,0),(58,7,'seat_8',0,2,0),(59,7,'seat_9',0,2,1),(60,7,'seat_10',0,2,0),(61,7,'seat_11',0,2,0),(62,7,'seat_12',0,2,0),(63,7,'seat_13',0,2,1),(64,7,'seat_14',0,2,0),(65,7,'seat_15',0,2,0),(66,7,'seat_16',0,2,0),(67,7,'seat_17',0,2,0),(68,7,'seat_18',0,2,0),(69,7,'seat_19',0,2,0),(70,7,'seat_20',0,2,0),(71,8,'seat_1',0,2,1),(72,8,'seat_2',0,2,1),(73,8,'seat_3',0,2,1),(74,8,'seat_4',0,2,0),(75,8,'seat_5',0,2,1),(76,8,'seat_6',0,2,1),(77,8,'seat_7',0,2,0),(78,8,'seat_8',0,2,1),(79,8,'seat_9',0,2,1),(80,8,'seat_10',0,2,0),(81,8,'seat_11',0,2,0),(82,8,'seat_12',0,2,0),(83,8,'seat_13',0,2,1),(84,8,'seat_14',0,2,1),(85,8,'seat_15',0,2,1),(86,8,'seat_16',0,2,0),(87,8,'seat_17',0,2,0),(88,8,'seat_18',0,2,0),(89,8,'seat_19',0,2,0),(90,8,'seat_20',0,2,1),(91,9,'seat_1',0,3,0),(92,9,'seat_2',0,3,0),(93,9,'seat_3',0,3,0),(94,9,'seat_4',0,3,0),(95,9,'seat_5',0,3,0),(96,9,'seat_6',0,3,0),(97,9,'seat_7',0,3,0),(98,9,'seat_8',0,3,0),(99,9,'seat_9',0,3,0),(100,9,'seat_10',0,3,0),(101,9,'seat_11',0,3,0),(102,9,'seat_12',0,3,0),(103,9,'seat_13',0,3,0),(104,9,'seat_14',0,3,0),(105,9,'seat_15',0,3,0),(106,10,'seat_1',0,3,0),(107,10,'seat_2',0,3,0),(108,10,'seat_3',0,3,0),(109,10,'seat_4',0,3,0),(110,10,'seat_5',0,3,0),(111,10,'seat_6',0,3,0),(112,10,'seat_7',0,3,0),(113,10,'seat_8',0,3,0),(114,10,'seat_9',0,3,0),(115,10,'seat_10',0,3,0),(116,10,'seat_11',0,3,0),(117,10,'seat_12',0,3,0),(118,10,'seat_13',0,3,0),(119,10,'seat_14',0,3,0),(120,10,'seat_15',0,3,0),(121,11,'seat_1',0,3,0),(122,11,'seat_2',0,3,1),(123,11,'seat_3',0,3,1),(124,11,'seat_4',0,3,0),(125,11,'seat_5',0,3,1),(126,11,'seat_6',0,3,1),(127,11,'seat_7',0,3,1),(128,11,'seat_8',0,3,0),(129,11,'seat_9',0,3,0),(130,11,'seat_10',0,3,0),(131,11,'seat_11',0,3,0),(132,11,'seat_12',0,3,0),(133,11,'seat_13',0,3,0),(134,11,'seat_14',0,3,0),(135,11,'seat_15',0,3,0),(136,12,'seat_1',0,3,0),(137,12,'seat_2',0,3,0),(138,12,'seat_3',0,3,0),(139,12,'seat_4',0,3,0),(140,12,'seat_5',0,3,0),(141,12,'seat_6',0,3,0),(142,12,'seat_7',0,3,0),(143,12,'seat_8',0,3,0),(144,12,'seat_9',0,3,0),(145,12,'seat_10',0,3,0),(146,12,'seat_11',0,3,0),(147,12,'seat_12',0,3,0),(148,12,'seat_13',0,3,0),(149,12,'seat_14',0,3,0),(150,12,'seat_15',0,3,0),(151,13,'seat_1',0,3,0),(152,13,'seat_2',0,3,0),(153,13,'seat_3',0,3,0),(154,13,'seat_4',0,3,0),(155,13,'seat_5',0,3,0),(156,13,'seat_6',0,3,0),(157,13,'seat_7',0,3,0),(158,13,'seat_8',0,3,0),(159,13,'seat_9',0,3,0),(160,13,'seat_10',0,3,0),(161,13,'seat_11',0,3,0),(162,13,'seat_12',0,3,0),(163,13,'seat_13',0,3,0),(164,13,'seat_14',0,3,0),(165,13,'seat_15',0,3,0),(166,14,'seat_1',0,3,0),(167,14,'seat_2',0,3,0),(168,14,'seat_3',0,3,0),(169,14,'seat_4',0,3,0),(170,14,'seat_5',0,3,0),(171,14,'seat_6',0,3,0),(172,14,'seat_7',0,3,0),(173,14,'seat_8',0,3,0),(174,14,'seat_9',0,3,0),(175,14,'seat_10',0,3,0),(176,14,'seat_11',0,3,0),(177,14,'seat_12',0,3,0),(178,14,'seat_13',0,3,0),(179,14,'seat_14',0,3,0),(180,14,'seat_15',0,3,0),(181,15,'seat_1',0,3,0),(182,15,'seat_2',0,3,1),(183,15,'seat_3',0,3,1),(184,15,'seat_4',0,3,0),(185,15,'seat_5',0,3,0),(186,15,'seat_6',0,3,1),(187,15,'seat_7',0,3,1),(188,15,'seat_8',0,3,0),(189,15,'seat_9',0,3,0),(190,15,'seat_10',0,3,0),(191,15,'seat_11',0,3,0),(192,15,'seat_12',0,3,1),(193,15,'seat_13',0,3,0),(194,15,'seat_14',0,3,0),(195,15,'seat_15',0,3,0),(196,16,'seat_1',0,3,1),(197,16,'seat_2',0,3,1),(198,16,'seat_3',0,3,1),(199,16,'seat_4',0,3,1),(200,16,'seat_5',0,3,1),(201,16,'seat_6',0,3,0),(202,16,'seat_7',0,3,0),(203,16,'seat_8',0,3,1),(204,16,'seat_9',0,3,1),(205,16,'seat_10',0,3,0),(206,16,'seat_11',0,3,0),(207,16,'seat_12',0,3,0),(208,16,'seat_13',0,3,1),(209,16,'seat_14',0,3,0),(210,16,'seat_15',0,3,0),(211,16,'seat_16',0,3,1),(212,16,'seat_17',0,3,0),(213,16,'seat_18',0,3,0),(214,16,'seat_19',0,3,0),(215,16,'seat_20',0,3,0),(216,17,'seat_1',0,3,1),(217,17,'seat_2',0,3,0),(218,17,'seat_3',0,3,1),(219,17,'seat_4',0,3,0),(220,17,'seat_5',0,3,0),(221,17,'seat_6',0,3,0),(222,17,'seat_7',0,3,0),(223,17,'seat_8',0,3,0),(224,17,'seat_9',0,3,0),(225,17,'seat_10',0,3,0),(226,17,'seat_11',0,3,0),(227,17,'seat_12',0,3,0),(228,17,'seat_13',0,3,0),(229,17,'seat_14',0,3,0),(230,17,'seat_15',0,3,0),(231,17,'seat_16',0,3,0),(232,17,'seat_17',0,3,0),(233,17,'seat_18',0,3,0),(234,17,'seat_19',0,3,0),(235,17,'seat_20',0,3,0),(236,18,'seat_1',0,3,0),(237,18,'seat_2',0,3,0),(238,18,'seat_3',0,3,0),(239,18,'seat_4',0,3,0),(240,18,'seat_5',0,3,0),(241,18,'seat_6',0,3,0),(242,18,'seat_7',0,3,0),(243,18,'seat_8',0,3,0),(244,18,'seat_9',0,3,0),(245,18,'seat_10',0,3,0),(246,18,'seat_11',0,3,0),(247,18,'seat_12',0,3,0),(248,18,'seat_13',0,3,0),(249,18,'seat_14',0,3,0),(250,18,'seat_15',0,3,0),(251,18,'seat_16',0,3,0),(252,18,'seat_17',0,3,0),(253,18,'seat_18',0,3,0),(254,18,'seat_19',0,3,0),(255,18,'seat_20',0,3,0),(256,19,'seat_1',0,2,0),(257,19,'seat_2',0,2,0),(258,19,'seat_3',0,2,0),(259,19,'seat_4',0,2,0),(260,19,'seat_5',0,2,0),(261,19,'seat_6',0,2,0),(262,19,'seat_7',0,2,0),(263,19,'seat_8',0,2,0),(264,19,'seat_9',0,2,0),(265,19,'seat_10',0,2,0),(266,19,'seat_11',0,2,0),(267,19,'seat_12',0,2,0),(268,19,'seat_13',0,2,0),(269,19,'seat_14',0,2,0),(270,19,'seat_15',0,2,0),(271,19,'seat_16',0,2,0),(272,19,'seat_17',0,2,0),(273,19,'seat_18',0,2,0),(274,19,'seat_19',0,2,0),(275,19,'seat_20',0,2,0),(276,19,'seat_21',0,2,0),(277,19,'seat_22',0,2,0),(278,19,'seat_23',0,2,0),(279,20,'seat_1',0,2,0),(280,20,'seat_2',0,2,0),(281,20,'seat_3',0,2,0),(282,20,'seat_4',0,2,0),(283,20,'seat_5',0,2,0),(284,20,'seat_6',0,2,0),(285,20,'seat_7',0,2,0),(286,20,'seat_8',0,2,0),(287,20,'seat_9',0,2,0),(288,20,'seat_10',0,2,0),(289,20,'seat_11',0,2,0),(290,20,'seat_12',0,2,0),(291,20,'seat_13',0,2,0),(292,20,'seat_14',0,2,0),(293,20,'seat_15',0,2,0),(294,20,'seat_16',0,2,0),(295,20,'seat_17',0,2,0),(296,20,'seat_18',0,2,0),(297,20,'seat_19',0,2,0),(298,20,'seat_20',0,2,0),(299,20,'seat_21',0,2,0),(300,20,'seat_22',0,2,0),(301,20,'seat_23',0,2,0),(302,20,'seat_24',0,2,0),(303,20,'seat_25',0,2,0),(304,20,'seat_26',0,2,0),(305,21,'seat_1',0,2,0),(306,21,'seat_2',0,2,0),(307,21,'seat_3',0,2,0),(308,21,'seat_4',0,2,0),(309,21,'seat_5',0,2,0),(310,21,'seat_6',0,2,0),(311,21,'seat_7',0,2,0),(312,21,'seat_8',0,2,0),(313,21,'seat_9',0,2,0),(314,21,'seat_10',0,2,0),(315,21,'seat_11',0,2,0),(316,21,'seat_12',0,2,0),(317,21,'seat_13',0,2,0),(318,21,'seat_14',0,2,0),(319,21,'seat_15',0,2,0),(320,21,'seat_16',0,2,0),(321,21,'seat_17',0,2,0),(322,21,'seat_18',0,2,0),(323,21,'seat_19',0,2,0),(324,21,'seat_20',0,2,0),(325,21,'seat_21',0,2,0),(326,21,'seat_22',0,2,0),(327,21,'seat_23',0,2,0),(328,21,'seat_24',0,2,0),(329,22,'seat_1',0,2,0),(330,22,'seat_2',0,2,0),(331,22,'seat_3',0,2,0),(332,22,'seat_4',0,2,0),(333,22,'seat_5',0,2,0),(334,22,'seat_6',0,2,0),(335,22,'seat_7',0,2,0),(336,22,'seat_8',0,2,0),(337,22,'seat_9',0,2,0),(338,22,'seat_10',0,2,0),(339,22,'seat_11',0,2,0),(340,22,'seat_12',0,2,0),(341,22,'seat_13',0,2,0),(342,22,'seat_14',0,2,0),(343,22,'seat_15',0,2,0),(344,22,'seat_16',0,2,0),(345,22,'seat_17',0,2,0),(346,22,'seat_18',0,2,0),(347,22,'seat_19',0,2,0),(348,22,'seat_20',0,2,0),(349,22,'seat_21',0,2,0),(350,22,'seat_22',0,2,0),(351,22,'seat_23',0,2,0),(352,22,'seat_24',0,2,0),(353,22,'seat_25',0,2,0),(354,22,'seat_26',0,2,0),(355,23,'seat_1',0,7,0),(356,23,'seat_2',0,7,0),(357,23,'seat_3',0,7,0),(358,23,'seat_4',0,7,0),(359,23,'seat_5',0,7,0),(360,23,'seat_6',0,7,0),(361,23,'seat_7',0,7,0),(362,23,'seat_8',0,7,0),(363,23,'seat_9',0,7,0),(364,23,'seat_10',0,7,0),(365,23,'seat_11',0,7,0),(366,23,'seat_12',0,7,0),(367,23,'seat_13',0,7,0),(368,23,'seat_14',0,7,0),(369,23,'seat_15',0,7,0),(370,23,'seat_16',0,7,0),(371,23,'seat_17',0,7,0),(372,23,'seat_18',0,7,0),(373,23,'seat_19',0,7,0),(374,23,'seat_20',0,7,0),(375,23,'seat_21',0,7,0),(376,23,'seat_22',0,7,0),(377,23,'seat_23',0,7,0),(378,23,'seat_24',0,7,0),(379,23,'seat_25',0,7,0),(380,23,'seat_26',0,7,0),(381,23,'seat_27',0,7,0),(382,23,'seat_28',0,7,0),(383,23,'seat_29',0,7,0),(384,23,'seat_30',0,7,0),(385,23,'seat_31',0,7,0),(386,24,'seat_1',0,2,0),(387,24,'seat_2',0,2,0),(388,24,'seat_3',0,2,0),(389,24,'seat_4',0,2,0),(390,24,'seat_5',0,2,0),(391,24,'seat_6',0,2,0),(392,24,'seat_7',0,2,0),(393,24,'seat_8',0,2,0),(394,24,'seat_9',0,2,0),(395,24,'seat_10',0,2,0),(396,24,'seat_11',0,2,0),(397,24,'seat_12',0,2,0),(398,24,'seat_13',0,2,0),(399,24,'seat_14',0,2,0),(400,24,'seat_15',0,2,0),(401,24,'seat_16',0,2,0),(402,24,'seat_17',0,2,0),(403,24,'seat_18',0,2,0),(404,24,'seat_19',0,2,0),(405,24,'seat_20',0,2,0),(406,24,'seat_21',0,2,0),(407,24,'seat_22',0,2,0),(408,24,'seat_23',0,2,0),(409,24,'seat_24',0,2,0),(410,24,'seat_25',0,2,0),(411,24,'seat_26',0,2,0),(412,24,'seat_27',0,2,0),(413,24,'seat_28',0,2,0),(414,24,'seat_29',0,2,0),(415,24,'seat_30',0,2,0),(416,24,'seat_31',0,2,0),(417,24,'seat_32',0,2,0),(418,24,'seat_33',0,2,0),(419,24,'seat_34',0,2,0),(420,25,'seat_1',0,7,0),(421,25,'seat_2',0,7,0),(422,25,'seat_3',0,7,0),(423,25,'seat_4',0,7,0),(424,25,'seat_5',0,7,0),(425,25,'seat_6',0,7,0),(426,25,'seat_7',0,7,0),(427,25,'seat_8',0,7,0),(428,25,'seat_9',0,7,0),(429,25,'seat_10',0,7,0),(430,25,'seat_11',0,7,0),(431,25,'seat_12',0,7,0),(432,25,'seat_13',0,7,0),(433,25,'seat_14',0,7,0),(434,25,'seat_15',0,7,0),(435,25,'seat_16',0,7,0),(436,25,'seat_17',0,7,0),(437,25,'seat_18',0,7,0),(438,25,'seat_19',0,7,0),(439,25,'seat_20',0,7,0),(440,25,'seat_21',0,7,0),(441,25,'seat_22',0,7,0),(442,25,'seat_23',0,7,0),(443,25,'seat_24',0,7,0),(444,25,'seat_25',0,7,0),(445,25,'seat_26',0,7,0),(446,25,'seat_27',0,7,0),(447,25,'seat_28',0,7,0),(448,25,'seat_29',0,7,0),(449,25,'seat_30',0,7,0),(450,25,'seat_31',0,7,0),(451,25,'seat_32',0,7,0),(452,25,'seat_33',0,7,0),(453,26,'seat_1',0,2,0),(454,26,'seat_2',0,2,0),(455,26,'seat_3',0,2,0),(456,26,'seat_4',0,2,0),(457,26,'seat_5',0,2,0),(458,26,'seat_6',0,2,0),(459,26,'seat_7',0,2,0),(460,26,'seat_8',0,2,0),(461,26,'seat_9',0,2,0),(462,26,'seat_10',0,2,0),(463,26,'seat_11',0,2,0),(464,26,'seat_12',0,2,0),(465,26,'seat_13',0,2,0),(466,26,'seat_14',0,2,0),(467,26,'seat_15',0,2,0),(468,26,'seat_16',0,2,0),(469,26,'seat_17',0,2,0),(470,26,'seat_18',0,2,0),(471,26,'seat_19',0,2,0),(472,26,'seat_20',0,2,0),(473,26,'seat_21',0,2,0),(474,26,'seat_22',0,2,0),(475,26,'seat_23',0,2,0),(476,26,'seat_24',0,2,0),(477,26,'seat_25',0,2,0),(478,26,'seat_26',0,2,0),(479,26,'seat_27',0,2,0),(480,26,'seat_28',0,2,0),(481,26,'seat_29',0,2,0),(482,26,'seat_30',0,2,0),(483,26,'seat_31',0,2,0),(484,26,'seat_32',0,2,0),(485,26,'seat_33',0,2,0),(486,26,'seat_34',0,2,0),(487,26,'seat_35',0,2,0),(488,27,'seat_1',0,2,0),(489,27,'seat_2',0,2,0),(490,27,'seat_3',0,2,0),(491,27,'seat_4',0,2,0),(492,27,'seat_5',0,2,0),(493,27,'seat_6',0,2,0),(494,27,'seat_7',0,2,0),(495,27,'seat_8',0,2,0),(496,27,'seat_9',0,2,0),(497,27,'seat_10',0,2,0),(498,27,'seat_11',0,2,0),(499,27,'seat_12',0,2,0),(500,27,'seat_13',0,2,0),(501,27,'seat_14',0,2,0),(502,27,'seat_15',0,2,0),(503,27,'seat_16',0,2,0),(504,27,'seat_17',0,2,0),(505,27,'seat_18',0,2,0),(506,27,'seat_19',0,2,0),(507,27,'seat_20',0,2,0),(508,27,'seat_21',0,2,0),(509,27,'seat_22',0,2,0),(510,27,'seat_23',0,2,0),(511,27,'seat_24',0,2,0),(512,27,'seat_25',0,2,0),(513,27,'seat_26',0,2,0),(514,28,'seat_1',0,2,0),(515,28,'seat_2',0,2,0),(516,28,'seat_3',0,2,0),(517,28,'seat_4',0,2,0),(518,28,'seat_5',0,2,0),(519,28,'seat_6',0,2,0),(520,28,'seat_7',0,2,0),(521,28,'seat_8',0,2,0),(522,28,'seat_9',0,2,0),(523,28,'seat_10',0,2,0),(524,28,'seat_11',0,2,0),(525,28,'seat_12',0,2,0),(526,28,'seat_13',0,2,0),(527,28,'seat_14',0,2,0),(528,28,'seat_15',0,2,0),(529,28,'seat_16',0,2,0),(530,28,'seat_17',0,2,0),(531,28,'seat_18',0,2,0),(532,28,'seat_19',0,2,0),(533,28,'seat_20',0,2,0),(534,28,'seat_21',0,2,0),(535,28,'seat_22',0,2,0),(536,28,'seat_23',0,2,0),(537,28,'seat_24',0,2,0),(538,29,'seat_1',0,2,1),(539,29,'seat_2',0,2,0),(540,29,'seat_3',0,2,0),(541,29,'seat_4',0,2,0),(542,29,'seat_5',0,2,0),(543,29,'seat_6',0,2,0),(544,29,'seat_7',0,2,0),(545,29,'seat_8',0,2,0),(546,29,'seat_9',0,2,0),(547,29,'seat_10',0,2,0),(548,29,'seat_11',0,2,0),(549,29,'seat_12',0,2,0),(550,29,'seat_13',0,2,0),(551,29,'seat_14',0,2,0),(552,29,'seat_15',0,2,0),(553,29,'seat_16',0,2,0),(554,29,'seat_17',0,2,0),(555,29,'seat_18',0,2,0),(556,29,'seat_19',0,2,0),(557,29,'seat_20',0,2,0),(558,29,'seat_21',0,2,0),(559,29,'seat_22',0,2,0),(560,29,'seat_23',0,2,0),(561,29,'seat_24',0,2,0),(562,29,'seat_25',0,2,0),(563,29,'seat_26',0,2,0),(564,29,'seat_27',0,2,0),(565,29,'seat_28',0,2,0),(566,29,'seat_29',0,2,0),(567,29,'seat_30',0,2,0),(568,30,'seat_1',0,3,0),(569,30,'seat_2',0,3,0),(570,30,'seat_3',0,3,0),(571,30,'seat_4',0,3,0),(572,30,'seat_5',0,3,0),(573,30,'seat_6',0,3,0),(574,30,'seat_7',0,3,0),(575,30,'seat_8',0,3,0),(576,30,'seat_9',0,3,0),(577,30,'seat_10',0,3,0),(578,30,'seat_11',0,3,0),(579,30,'seat_12',0,3,0),(580,30,'seat_13',0,3,0),(581,30,'seat_14',0,3,0),(582,30,'seat_15',0,3,0),(583,30,'seat_16',0,3,0),(584,30,'seat_17',0,3,0),(585,30,'seat_18',0,3,0),(586,30,'seat_19',0,3,0),(587,30,'seat_20',0,3,0),(588,30,'seat_21',0,3,0),(589,30,'seat_22',0,3,0),(590,30,'seat_23',0,3,0),(591,30,'seat_24',0,3,0),(592,31,'seat_1',0,8,0),(593,31,'seat_2',0,8,0),(594,31,'seat_3',0,8,0),(595,31,'seat_4',0,8,0),(596,31,'seat_5',0,8,0),(597,31,'seat_6',0,8,0),(598,31,'seat_7',0,8,0),(599,31,'seat_8',0,8,0),(600,31,'seat_9',0,8,0),(601,31,'seat_10',0,8,0),(602,31,'seat_11',0,8,0),(603,31,'seat_12',0,8,0),(604,31,'seat_13',0,8,0),(605,31,'seat_14',0,8,0),(606,31,'seat_15',0,8,0),(607,31,'seat_16',0,8,0),(608,31,'seat_17',0,8,0),(609,31,'seat_18',0,8,0),(610,31,'seat_19',0,8,0),(611,31,'seat_20',0,8,0),(612,31,'seat_21',0,8,0),(613,31,'seat_22',0,8,0),(614,31,'seat_23',0,8,0),(615,31,'seat_24',0,8,0),(616,32,'seat_1',0,10,0),(617,32,'seat_2',0,10,0),(618,32,'seat_3',0,10,0),(619,32,'seat_4',0,10,0),(620,32,'seat_5',0,10,0),(621,32,'seat_6',0,10,0),(622,32,'seat_7',0,10,0),(623,32,'seat_8',0,10,0),(624,32,'seat_9',0,10,0),(625,32,'seat_10',0,10,0),(626,32,'seat_11',0,10,0),(627,32,'seat_12',0,10,0),(628,32,'seat_13',0,10,0),(629,32,'seat_14',0,10,0),(630,32,'seat_15',0,10,0),(631,32,'seat_16',0,10,0),(632,32,'seat_17',0,10,0),(633,32,'seat_18',0,10,0),(634,32,'seat_19',0,10,0),(635,32,'seat_20',0,10,0),(636,32,'seat_21',0,10,0),(637,32,'seat_22',0,10,0),(638,32,'seat_23',0,10,0),(639,32,'seat_24',0,10,0),(640,32,'seat_25',0,10,0),(641,32,'seat_26',0,10,0),(642,32,'seat_27',0,10,0),(643,32,'seat_28',0,10,0),(644,33,'seat_1',0,2,0),(645,33,'seat_2',0,2,0),(646,33,'seat_3',0,2,0),(647,33,'seat_4',0,2,0),(648,33,'seat_5',0,2,0),(649,33,'seat_6',0,2,0),(650,33,'seat_7',0,2,0),(651,33,'seat_8',0,2,0),(652,33,'seat_9',0,2,0),(653,33,'seat_10',0,2,0),(654,33,'seat_11',0,2,0),(655,33,'seat_12',0,2,0),(656,33,'seat_13',0,2,0),(657,33,'seat_14',0,2,0),(658,33,'seat_15',0,2,0),(659,33,'seat_16',0,2,0),(660,33,'seat_17',0,2,0),(661,33,'seat_18',0,2,0),(662,33,'seat_19',0,2,0),(663,33,'seat_20',0,2,0),(664,33,'seat_21',0,2,0),(665,33,'seat_22',0,2,0),(666,33,'seat_23',0,2,0),(667,33,'seat_24',0,2,0),(668,33,'seat_25',0,2,0),(669,33,'seat_26',0,2,0),(670,33,'seat_27',0,2,0),(671,33,'seat_28',0,2,0),(672,33,'seat_29',0,2,0),(673,33,'seat_30',0,2,0),(674,34,'seat_1',0,2,0),(675,34,'seat_2',0,2,0),(676,35,'seat_1',0,2,0),(677,35,'seat_2',0,2,0),(678,35,'seat_3',0,2,0),(679,35,'seat_4',0,2,0),(680,35,'seat_5',0,2,0),(681,35,'seat_6',0,2,0),(682,35,'seat_7',0,2,0),(683,35,'seat_8',0,2,0),(684,36,'seat_1',0,11,0),(685,36,'seat_2',0,11,0),(686,36,'seat_3',0,11,0),(687,36,'seat_4',0,11,0),(688,36,'seat_5',0,11,0),(689,36,'seat_6',0,11,0),(690,36,'seat_7',0,11,0),(691,36,'seat_8',0,11,0),(692,36,'seat_9',0,11,0),(693,36,'seat_10',0,11,0),(694,36,'seat_11',0,11,0),(695,36,'seat_12',0,11,0),(696,36,'seat_13',0,11,0),(697,36,'seat_14',0,11,0),(698,36,'seat_15',0,11,0),(699,36,'seat_16',0,11,0),(700,36,'seat_17',0,11,0),(701,36,'seat_18',0,11,0),(702,36,'seat_19',0,11,0),(703,36,'seat_20',0,11,0),(704,36,'seat_21',0,11,0),(705,36,'seat_22',0,11,0),(706,36,'seat_23',0,11,0),(707,36,'seat_24',0,11,0),(708,36,'seat_25',0,11,0),(709,36,'seat_26',0,11,0),(710,36,'seat_27',0,11,0),(711,36,'seat_28',0,11,0),(712,36,'seat_29',0,11,0),(713,36,'seat_30',0,11,0),(714,36,'seat_31',0,11,0),(715,36,'seat_32',0,11,0),(716,36,'seat_33',0,11,0),(717,36,'seat_34',0,11,0),(718,36,'seat_35',0,11,0),(719,36,'seat_36',0,11,0),(720,36,'seat_37',0,11,0),(721,36,'seat_38',0,11,0),(722,36,'seat_39',0,11,0),(723,36,'seat_40',0,11,0),(724,36,'seat_41',0,11,0),(725,36,'seat_42',0,11,0),(726,36,'seat_43',0,11,0),(727,36,'seat_44',0,11,0),(728,36,'seat_45',0,11,0),(729,36,'seat_46',0,11,0),(730,36,'seat_47',0,11,0),(731,36,'seat_48',0,11,0),(732,36,'seat_49',0,11,0),(733,36,'seat_50',0,11,0),(734,36,'seat_51',0,11,0),(735,36,'seat_52',0,11,0),(736,36,'seat_53',0,11,0),(737,36,'seat_54',0,11,0),(738,36,'seat_55',0,11,0),(739,36,'seat_56',0,11,0),(740,36,'seat_57',0,11,0),(741,36,'seat_58',0,11,0),(742,36,'seat_59',0,11,0),(743,36,'seat_60',0,11,0);
/*!40000 ALTER TABLE `seat` ENABLE KEYS */;
UNLOCK TABLES;

--
-- Table structure for table `ticket`
--

DROP TABLE IF EXISTS `ticket`;
/*!40101 SET @saved_cs_client     = @@character_set_client */;
/*!50503 SET character_set_client = utf8mb4 */;
CREATE TABLE `ticket` (
  `ID` int NOT NULL AUTO_INCREMENT,
  `BroadcastID` int DEFAULT NULL,
  `SeatID` int DEFAULT NULL,
  `dateOrder` date DEFAULT NULL,
  `userID` int DEFAULT NULL,
  `price` float DEFAULT NULL,
  `is_delete` tinyint(1) DEFAULT NULL,
  `timeOrder` time DEFAULT '00:00:00',
  PRIMARY KEY (`ID`),
  KEY `BroadcastID` (`BroadcastID`),
  KEY `userID` (`userID`),
  CONSTRAINT `ticket_ibfk_1` FOREIGN KEY (`BroadcastID`) REFERENCES `broadcast` (`ID`),
  CONSTRAINT `ticket_ibfk_2` FOREIGN KEY (`userID`) REFERENCES `user` (`ID`)
) ENGINE=InnoDB AUTO_INCREMENT=90 DEFAULT CHARSET=utf8mb4 COLLATE=utf8mb4_0900_ai_ci;
/*!40101 SET character_set_client = @saved_cs_client */;

--
-- Dumping data for table `ticket`
--

LOCK TABLES `ticket` WRITE;
/*!40000 ALTER TABLE `ticket` DISABLE KEYS */;
INSERT INTO `ticket` VALUES (1,2,1,'2025-06-14',5,100000,0,'00:00:00'),(2,2,1,'2025-06-14',5,100000,0,'00:00:00'),(3,2,1,'2025-06-14',5,100000,0,'00:00:00'),(4,2,2,'2025-06-14',5,100000,0,'00:00:00'),(5,2,5,'2025-06-14',5,100000,0,'00:00:00'),(6,6,43,'2025-06-16',5,100000,0,'00:00:00'),(7,6,44,'2025-06-16',5,100000,0,'00:00:00'),(8,6,20,'2025-06-16',5,100000,0,'00:00:00'),(9,6,35,'2025-06-16',5,100000,0,'00:00:00'),(10,11,123,'2025-06-16',5,100000,0,'00:00:00'),(11,6,34,'2025-06-16',4,100000,1,'00:00:00'),(12,6,50,'2025-06-16',4,100000,0,'00:00:00'),(13,7,58,'2025-06-16',4,100000,1,'00:00:00'),(14,11,122,'2025-06-16',5,100000,0,'00:00:00'),(15,8,78,'2025-06-17',5,100000,0,'00:00:00'),(16,7,59,'2025-06-17',5,100000,0,'00:00:00'),(17,7,63,'2025-06-17',4,100000,0,'00:00:00'),(18,8,84,'2025-06-17',5,100000,0,'00:00:00'),(19,8,85,'2025-06-17',4,100000,0,'00:00:00'),(20,8,83,'2025-06-17',5,100000,0,'00:00:00'),(21,8,79,'2025-06-17',5,100000,0,'00:00:00'),(22,6,38,'2025-06-17',4,100000,0,'00:00:00'),(23,15,183,'2025-06-17',5,100000,0,'00:00:00'),(24,15,184,'2025-06-17',4,100000,1,'00:00:00'),(25,15,182,'2025-06-17',4,100000,0,'00:00:00'),(26,17,223,'2025-06-17',4,100000,1,'18:38:04'),(27,16,200,'2025-06-17',4,100000,1,'19:54:37'),(28,7,51,'2025-06-17',4,100000,1,'19:56:21'),(29,8,75,'2025-06-18',5,100000,1,'12:30:21'),(30,8,71,'2025-06-18',4,100000,1,'15:28:26'),(31,8,73,'2025-06-18',4,100000,1,'15:28:31'),(32,8,72,'2025-06-18',4,100000,1,'15:28:34'),(33,15,185,'2025-06-20',4,100000,1,'01:50:44'),(34,15,192,'2025-06-20',4,100000,0,'01:50:57'),(35,15,186,'2025-06-20',4,100000,0,'01:51:00'),(36,16,208,'2025-06-20',4,100000,0,'01:51:07'),(37,16,196,'2025-06-20',4,100000,0,'01:51:11'),(38,16,197,'2025-06-20',4,100000,0,'01:51:14'),(39,16,198,'2025-06-20',4,100000,0,'01:51:17'),(40,16,211,'2025-06-20',4,100000,0,'01:51:20'),(41,16,203,'2025-06-20',4,100000,0,'10:57:25'),(42,16,199,'2025-06-20',4,100000,0,'10:58:20'),(43,16,200,'2025-06-20',4,100000,0,'11:04:08'),(44,16,204,'2025-06-20',4,100000,0,'11:04:53'),(45,11,133,'2025-06-20',4,100000,1,'11:15:20'),(46,11,126,'2025-06-20',4,100000,0,'11:15:23'),(47,11,125,'2025-06-20',4,100000,0,'11:15:47'),(48,11,129,'2025-06-20',4,100000,1,'11:15:52'),(49,11,127,'2025-06-20',4,100000,0,'11:15:55'),(50,15,181,'2025-06-21',4,100000,1,'16:49:50'),(51,17,228,'2025-06-21',4,100000,1,'16:58:52'),(52,8,89,'2025-06-22',4,100000,1,'00:05:32'),(53,16,205,'2025-06-22',4,100000,1,'01:11:14'),(54,15,181,'2025-06-22',4,100000,1,'01:11:28'),(55,9,97,'2025-06-22',4,100000,1,'15:22:31'),(56,17,222,'2025-06-22',4,100000,1,'15:28:37'),(57,6,31,'2025-06-22',4,100000,1,'16:34:12'),(58,17,216,'2025-06-22',4,100000,0,'16:39:34'),(59,17,218,'2025-06-22',4,100000,0,'16:39:37'),(60,17,228,'2025-06-22',4,100000,1,'16:39:40'),(61,8,71,'2025-06-23',4,100000,0,'00:06:37'),(62,8,76,'2025-06-23',4,100000,0,'00:06:42'),(63,8,75,'2025-06-23',4,100000,0,'00:06:45'),(64,6,42,'2025-06-24',4,100000,0,'01:29:19'),(65,22,331,'2025-06-25',4,80000,1,'00:16:25'),(66,6,45,'2025-06-25',4,100000,0,'23:57:11'),(67,6,36,'2025-06-25',4,100000,0,'23:57:14'),(68,6,41,'2025-06-25',4,100000,0,'23:57:17'),(69,20,279,'2025-06-26',4,70000,1,'10:40:19'),(70,7,51,'2025-06-27',4,100000,1,'01:00:35'),(71,7,52,'2025-06-27',4,100000,1,'01:00:39'),(72,20,280,'2025-06-27',4,70000,1,'16:36:32'),(73,20,281,'2025-06-27',4,70000,1,'16:36:36'),(74,8,90,'2025-06-27',4,100000,0,'16:36:58'),(75,8,88,'2025-06-27',4,100000,1,'16:37:01'),(76,8,87,'2025-06-27',4,100000,1,'16:37:04'),(77,20,285,'2025-06-27',4,70000,1,'21:45:55'),(78,22,331,'2025-06-27',4,80000,1,'21:46:56'),(79,15,181,'2025-06-28',4,100000,1,'16:13:51'),(80,22,329,'2025-06-28',4,80000,1,'16:15:18'),(81,15,187,'2025-07-01',4,100000,0,'13:15:13'),(82,30,568,'2025-07-01',12,70000,1,'13:24:11'),(83,30,569,'2025-07-01',12,70000,1,'13:24:15'),(84,20,282,'2025-07-01',15,70000,1,'13:38:17'),(85,30,568,'2025-07-01',15,70000,1,'13:38:39'),(86,30,570,'2025-07-01',15,70000,1,'13:38:43'),(87,29,538,'2025-07-01',4,45000,0,'20:51:55'),(88,20,281,'2025-07-02',4,70000,1,'11:42:20'),(89,22,329,'2025-07-02',4,80000,1,'11:43:25');
/*!40000 ALTER TABLE `ticket` ENABLE KEYS */;
UNLOCK TABLES;

--
-- Table structure for table `totalday`
--

DROP TABLE IF EXISTS `totalday`;
/*!40101 SET @saved_cs_client     = @@character_set_client */;
/*!50503 SET character_set_client = utf8mb4 */;
CREATE TABLE `totalday` (
  `ID` int NOT NULL AUTO_INCREMENT,
  `totalMoney` float DEFAULT NULL,
  `date` int DEFAULT NULL,
  `month` int DEFAULT NULL,
  `year` int DEFAULT NULL,
  `totalTickets` int DEFAULT '0',
  PRIMARY KEY (`ID`)
) ENGINE=InnoDB AUTO_INCREMENT=186 DEFAULT CHARSET=utf8mb4 COLLATE=utf8mb4_0900_ai_ci;
/*!40101 SET character_set_client = @saved_cs_client */;

--
-- Dumping data for table `totalday`
--

LOCK TABLES `totalday` WRITE;
/*!40000 ALTER TABLE `totalday` DISABLE KEYS */;
INSERT INTO `totalday` VALUES (2,500000,14,6,2025,5),(3,700000,16,6,2025,7),(4,1000000,17,6,2025,10),(5,0,18,6,2025,0),(6,0,10,6,2025,0),(7,0,11,6,2025,0),(8,0,12,6,2025,0),(9,0,13,6,2025,0),(10,0,15,6,2025,0),(11,1400000,20,6,2025,14),(12,0,19,6,2025,0),(13,0,21,6,2025,0),(14,200000,22,6,2025,2),(15,300000,23,6,2025,3),(16,100000,24,6,2025,1),(17,300000,25,6,2025,3),(18,0,26,6,2025,0),(111,100000,27,6,2025,1),(112,0,28,6,2025,0),(113,0,31,5,2025,0),(114,0,1,5,2025,0),(115,0,2,5,2025,0),(116,0,3,5,2025,0),(117,0,4,5,2025,0),(118,0,5,5,2025,0),(119,0,6,5,2025,0),(120,0,7,5,2025,0),(121,0,8,5,2025,0),(122,0,9,5,2025,0),(123,0,10,5,2025,0),(124,0,11,5,2025,0),(125,0,12,5,2025,0),(126,0,13,5,2025,0),(127,0,14,5,2025,0),(128,0,15,5,2025,0),(129,0,16,5,2025,0),(130,0,17,5,2025,0),(131,0,18,5,2025,0),(132,0,19,5,2025,0),(133,0,20,5,2025,0),(134,0,21,5,2025,0),(135,0,22,5,2025,0),(136,0,23,5,2025,0),(137,0,24,5,2025,0),(138,0,25,5,2025,0),(139,0,26,5,2025,0),(140,0,27,5,2025,0),(141,0,28,5,2025,0),(142,0,29,5,2025,0),(143,0,30,5,2025,0),(144,0,1,6,2025,0),(145,0,2,6,2025,0),(146,0,3,6,2025,0),(147,0,4,6,2025,0),(148,0,5,6,2025,0),(149,0,6,6,2025,0),(150,0,7,6,2025,0),(151,0,8,6,2025,0),(152,0,9,6,2025,0),(153,0,29,6,2025,0),(154,0,30,6,2025,0),(155,145000,1,7,2025,2),(156,0,2,7,2025,0),(157,0,3,7,2025,0),(158,0,4,7,2025,0),(159,0,5,7,2025,0),(160,0,6,7,2025,0),(161,0,7,7,2025,0),(162,0,8,7,2025,0),(163,0,9,7,2025,0),(164,0,10,7,2025,0),(165,0,11,7,2025,0),(166,0,12,7,2025,0),(167,0,13,7,2025,0),(168,0,14,7,2025,0),(169,0,15,7,2025,0),(170,0,16,7,2025,0),(171,0,17,7,2025,0),(172,0,18,7,2025,0),(173,0,19,7,2025,0),(174,0,20,7,2025,0),(175,0,21,7,2025,0),(176,0,22,7,2025,0),(177,0,23,7,2025,0),(178,0,24,7,2025,0),(179,0,25,7,2025,0),(180,0,26,7,2025,0),(181,0,27,7,2025,0),(182,0,28,7,2025,0),(183,0,29,7,2025,0),(184,0,30,7,2025,0),(185,0,31,7,2025,0);
/*!40000 ALTER TABLE `totalday` ENABLE KEYS */;
UNLOCK TABLES;

--
-- Table structure for table `totalmonth`
--

DROP TABLE IF EXISTS `totalmonth`;
/*!40101 SET @saved_cs_client     = @@character_set_client */;
/*!50503 SET character_set_client = utf8mb4 */;
CREATE TABLE `totalmonth` (
  `ID` int NOT NULL AUTO_INCREMENT,
  `totalMoney` float DEFAULT NULL,
  `month` int DEFAULT NULL,
  `year` int DEFAULT NULL,
  PRIMARY KEY (`ID`)
) ENGINE=InnoDB DEFAULT CHARSET=utf8mb4 COLLATE=utf8mb4_0900_ai_ci;
/*!40101 SET character_set_client = @saved_cs_client */;

--
-- Dumping data for table `totalmonth`
--

LOCK TABLES `totalmonth` WRITE;
/*!40000 ALTER TABLE `totalmonth` DISABLE KEYS */;
/*!40000 ALTER TABLE `totalmonth` ENABLE KEYS */;
UNLOCK TABLES;

--
-- Table structure for table `user`
--

DROP TABLE IF EXISTS `user`;
/*!40101 SET @saved_cs_client     = @@character_set_client */;
/*!50503 SET character_set_client = utf8mb4 */;
CREATE TABLE `user` (
  `ID` int NOT NULL AUTO_INCREMENT,
  `Name` varchar(100) DEFAULT NULL,
  `username` varchar(100) DEFAULT NULL,
  `password` varchar(255) DEFAULT NULL,
  `phone` varchar(20) DEFAULT NULL,
  `email` varchar(255) DEFAULT NULL,
  `role` varchar(20) DEFAULT NULL,
  `is_delete` tinyint(1) DEFAULT NULL,
  PRIMARY KEY (`ID`),
  UNIQUE KEY `username` (`username`)
) ENGINE=InnoDB AUTO_INCREMENT=17 DEFAULT CHARSET=utf8mb4 COLLATE=utf8mb4_0900_ai_ci;
/*!40101 SET character_set_client = @saved_cs_client */;

--
-- Dumping data for table `user`
--

LOCK TABLES `user` WRITE;
/*!40000 ALTER TABLE `user` DISABLE KEYS */;
INSERT INTO `user` VALUES (1,'Updated Name','testuser','scrypt:32768:8:1$cLIP36Hpopfpg3vn$5d16bde95a89378c88c000e1d8c52bb6d4ca1f2fd41c4ed5c54299b8686a74eb5adc980ee4b43b3bad7546be015d7559f327988e2b9f2a291a16bc9b7c082c29','0987654321','updated@example.com','user',1),(4,'hello','user','scrypt:32768:8:1$ajZjnyx8nKGQDCKb$689e566c7a10afdaaaa28bd758035bcced0031dcfd53fe5a376fee10f06b0032227e09063adcfea25ac2cb19172fd78b8cc366dc1e2ee6c5509ea385059c14ae','0326754129','hello@gmai.com','user',0),(5,'Updated Name','user123','scrypt:32768:8:1$svOjY34Kkrd1ZjLn$8b9a8e180102f92f76da2e3699b04bdc486e86333d5a87f22e5fc26b62ede431a8defef52816b363624e1f530f8e06375b0973c51fe41c77df3aa926e2ec214f','098765654321','updatedd@axaaample.com','user',0),(7,'Admin','admin','scrypt:32768:8:1$VzsWb2ZHgM8LsX3l$3d01785db320580b6d50c666bb65a520f0d7dba860c3d8612864fa2c50915c10e0fc5f65b3497e5613b8a7e078cc8463816e5cdb2e388d20d386c445e9113943','0954687523','admin@gmail.com','admin',0),(8,'Cao Thanh Huy','usa','scrypt:32768:8:1$QY86BffCGh0F0eP0$a333e987345d5d34368ee6aca29a5760dbe888a22c833e777d649aae6f8ba0c58b7677d6bd02097b30bbbbdf490f1c2d53ee9885ba4a0ef57dc8277d9d77563c','0123456789','testus2dfser@fexample.com','user',0),(9,'yasua oh','yasua','scrypt:32768:8:1$fEGZguNtDPVt8KYo$a34121a2b1905edc647afc169d3dc0668d8d23ff6ca2cc99e9722a1a585134ae9336b8f3496b3e794865485b5657315e10746a760b1685d4f2fa6b53b37422ae','hello@gmail.com','0123456987','user',1),(10,'togia','togia123','scrypt:32768:8:1$MgVSqiIt6UdtG88N$8574329b88db5bfed6f134322fcc9e4d6bc14db971cf439e099403c96a89626ee442c3420cc2dc9297307219c09e16c85c7db2a3c95a7f1f9055d875667e30ea','0147896325','test@emple.com','user',1),(11,'panda','panda','scrypt:32768:8:1$RIkAFGyc6dXDdCsM$e433b4cda7d85b1f27a88352d05f6e480d4655bb6f98b1d1ebdb3bb0d9f2d35383061384d25c6ecd7529f31696af51ee72fe4ccbb8d5417c96e4c95967158c9a','0147896325','panda@gmail.com','user',0),(12,'Huy Thanh','huypro123','scrypt:32768:8:1$hEOi35YwiBebHuIc$33a20fbcca26ae03105d1ae452e0283101227bed048fb22a340cfd723669f6348501d46bced73d710cec19053857ca5bf45696148cbdf43d8c852479b31c77dd','huyp@gmail.com','0353748965','user',0),(14,'Test user','testuser123','scrypt:32768:8:1$pcMP02AEonFFUaUL$f29101866bc523bce64911adebc0f2c37ee315d17c22f09d2ab1c24c29e18c83914783f1e86bcd3da60b998146cba2fa823f6989f5eeb64fd56bef7b2f83971f','test123@gmail.com','0963258753','user',1),(15,'Cao Thanh Huy','tintin123','scrypt:32768:8:1$RNOFLsRk9CFR3nHN$9b2e93dbafe1e18e672d22346160e0ecdf5e9b9883dec923f7b2d1fec4e59db95c7677268988b2773015a495eeb3af65fdde3685222247da4bdf9effae62c536','0854759632','huyhuy123@gmail.com','user',0),(16,'tesstuser','tesstuser','scrypt:32768:8:1$FndgkGGpDHPq1TBh$0ad84203e2cdc81be711bf857e038d0e23e8772919220dbd0587dd2c7924bd9a158e69c8fd111e6ce0b75f512ba979507f351e2206056699dafe5782a0e1e43c','tesst@gmail.com','0159632863','user',0);
/*!40000 ALTER TABLE `user` ENABLE KEYS */;
UNLOCK TABLES;
/*!40103 SET TIME_ZONE=@OLD_TIME_ZONE */;

/*!40101 SET SQL_MODE=@OLD_SQL_MODE */;
/*!40014 SET FOREIGN_KEY_CHECKS=@OLD_FOREIGN_KEY_CHECKS */;
/*!40014 SET UNIQUE_CHECKS=@OLD_UNIQUE_CHECKS */;
/*!40101 SET CHARACTER_SET_CLIENT=@OLD_CHARACTER_SET_CLIENT */;
/*!40101 SET CHARACTER_SET_RESULTS=@OLD_CHARACTER_SET_RESULTS */;
/*!40101 SET COLLATION_CONNECTION=@OLD_COLLATION_CONNECTION */;
/*!40111 SET SQL_NOTES=@OLD_SQL_NOTES */;

-- Dump completed on 2025-07-02 12:01:49
